model_conf,accuracy,precision,recall,f1-score
Bogor_SVM_baseline,0.5712969786293294,0.7082211050359009,0.5001859663274294,0.5312323206816746
