model_conf,accuracy,precision,recall,f1-score
Bogor_LightGBM_baseline,0.6099852616064849,0.7316758242904986,0.5349905703603695,0.5820979144086537
