,model_conf,accuracy,precision,recall,f1-score
0,Bogor_NaiveBayes_(alpha_1.0)(norm_True),0.535455486542443,0.329310253733709,0.4753214256770055,0.3815975128550075
2,Bogor_NaiveBayes_(alpha_0.1)(norm_True),0.535455486542443,0.329310253733709,0.4753214256770055,0.3815975128550075
4,Bogor_NaiveBayes_(alpha_0.01)(norm_True),0.535455486542443,0.329310253733709,0.4753214256770055,0.3815975128550075
1,Bogor_NaiveBayes_(alpha_1.0)(norm_False),0.5182453416149069,0.51990374317824,0.49478274100418235,0.3484582884797831
3,Bogor_NaiveBayes_(alpha_0.1)(norm_False),0.5182453416149069,0.51990374317824,0.49478274100418235,0.3484582884797831
5,Bogor_NaiveBayes_(alpha_0.01)(norm_False),0.5182453416149069,0.51990374317824,0.49478274100418235,0.3484582884797831
