model_name,rmse,mae,mape
ARIMA,0.6908511283025436,0.43530356082040567,472345181.71870434
