model_name,rmse,mae,mape
ARIMA,16.855419766321138,5.136939643248264,0.1535561743077865
