model_name,rmse,mae,mape
ARIMA,100.82325925542108,58.85993122297321,2.5497136243465266
