model_name,rmse,mae,mape
ARIMA,8.366096577214952,6.729040735898361,786856252671.4869
