model_name,rmse,mae,mape
ARIMA,479.63147911343486,369.18081144147726,0.4642212551171055
